'0'; 'Orquídea'; 'Orchideaceae'; 'Suave e doce, toques de baunilha e floral'; '2022-03-07'; '4';
'1'; 'Lírio do Vale'; 'Convallaria Majaliss'; 'Doce e fresco, notas florais suaves e um toque de musgo'; '2023-08-05'; '3';
'2'; 'Margarida'; 'Bellis Perennis'; 'Fresco e leve, com um toque de doçura'; '2023-02-09'; '12';
'3'; 'Rosa'; 'Rosa'; 'Doce, rica e complexa, com notas florais intensas e um leve toque de especiarias'; '2024-01-06'; '30';
'4'; 'Tulipa'; 'Tulipa Sylvestris'; 'Doce, com leves notas florais e, em alguns casos, um toque de mel ou frutado'; '2022-07-08'; '25';
'5'; 'Carméllia Japonica'; 'Thaceae'; 'Suave e levemente doce, com uma nota floral e um toque sutil de chá verde ou ervas frescas'; '2024-04-06'; '3';
'6'; 'Girassol'; 'Heliantusannuus'; 'Discreto, mas agradável. Tem um leve toque de mel e sementes'; '2024-08-01'; '10';