1;I-E-A-I-A-I-O;System Of A Down;Steal This Album!;2002-11-26;Nu Metal
2;Diamond Eyes;Deftones;Diamond Eyes;2010-05-04;Alternative Metal
3;The Unforgiven II;Metallica;Reload;1997-01-01;Rock
4;Otherside;RHCP;Californication;1999-01-01;Rock
5;Wind Of Change;Scorpions;Crazy World;1990-01-01;Rock
6;Fazer Falta;Mc Livinho;Fazer Falta;2017-05-25;Funk Paulista
7;Loosing my religion;REM;REM 1;1991-05-01;Pop
8;Pride;U2;Boy;1982-01-01;Pop
9;Rein raus;Rammstein;Mutter;2001-02-04;Industrial Metal
10;Será;Legião Urbana;Dois;1986-10-10;rock pop